Yritys,Kvarttaali,Liikevaihto,Nettotulos,EPS
Elisa,2024Q1,535.0,82.6,0.52
Elisa,2024Q2,541.0,91.4,0.57
Elisa,2024Q3,536.0,100.2,0.63
Elisa,2024Q4,580.0,82.2,0.51
Elisa,2025Q1,555.8,90.0,0.56
Elisa,2025Q2,552.4,90.2,0.56
Elisa,2025Q3,561.0,103.3,0.64
Elisa,2025Q4,588.3,58.6,0.36
Elisa,2026Q1,548.4,91.4,0.57
Elisa,2026Q2,550.8,88.9,0.55
Fortum,2024Q1,2015.0,471.0,0.53
Fortum,2024Q2,1255.0,217.0,0.24
Fortum,2024Q3,1094.0,132.0,0.14
Fortum,2024Q4,1435.0,344.0,0.39
Fortum,2025Q1,1642.0,363.0,0.4
Fortum,2025Q2,974.0,104.0,0.12
Fortum,2025Q3,929.0,52.0,0.06
Fortum,2025Q4,1444.0,246.0,0.27
Fortum,2026Q1,1992.0,421.0,0.47
Fortum,2026Q2,1124.0,109.0,0.12
Hiab,2024Q1,414.5,41.9,0.65
Hiab,2024Q2,432.6,46.2,0.72
Hiab,2024Q3,387.8,39.8,0.62
Hiab,2024Q4,396.4,29.7,0.46
Hiab,2025Q1,411.5,53.6,0.84
Hiab,2025Q2,402.0,49.2,0.76
Hiab,2025Q3,346.0,29.0,0.45
Hiab,2025Q4,396.4,29.7,0.46
Hiab,2026Q1,382.9,29.7,0.46
Hiab,2026Q2,403.3,34.7,0.54
Huhtamäki,2024Q1,1003.9,36.3,0.35
Huhtamäki,2024Q2,1037.5,65.0,0.62
Huhtamäki,2024Q3,1026.2,59.2,0.57
Huhtamäki,2024Q4,1058.7,63.7,0.61
Huhtamäki,2025Q1,1001.6,56.9,0.54
Huhtamäki,2025Q2,1007.5,21.1,0.2
Huhtamäki,2025Q3,970.6,58.4,0.56
Huhtamäki,2025Q4,980.5,55.4,0.53
Huhtamäki,2026Q1,946.8,49.0,0.47
Huhtamäki,2026Q2,1009.0,44.8,0.43
Kemira,2024Q1,763.3,76.0,0.49
Kemira,2024Q2,733.4,62.0,0.4
Kemira,2024Q3,727.6,64.0,0.41
Kemira,2024Q4,723.7,48.0,0.31
Kemira,2025Q1,708.8,58.6,0.38
Kemira,2025Q2,693.4,54.4,0.35
Kemira,2025Q3,687.6,58.1,0.38
Kemira,2025Q4,663.7,10.2,0.07
Kemira,2026Q1,677.3,42.7,0.29
Kemira,2026Q2,693.0,34.0,0.23
Kesko B,2024Q1,2759.5,59.9,0.15
Kesko B,2024Q2,3093.4,103.8,0.26
Kesko B,2024Q3,3026.6,139.7,0.35
Kesko B,2024Q4,3040.6,75.7,0.19
Kesko B,2025Q1,2827.7,48.4,0.12
Kesko B,2025Q2,3188.8,117.1,0.29
Kesko B,2025Q3,3227.3,139.6,0.35
Kesko B,2025Q4,3230.9,99.5,0.25
Kesko B,2026Q1,3029.0,51.3,0.13
Kesko B,2026Q2,3379.1,128.2,0.32
Kone,2024Q1,2568.2,205.9,0.39
Kone,2024Q2,2801.0,263.4,0.5
Kone,2024Q3,2753.6,249.6,0.48
Kone,2024Q4,2975.6,244.5,0.47
Kone,2025Q1,2672.3,212.6,0.41
Kone,2025Q2,2850.1,273.7,0.53
Kone,2025Q3,2762.1,224.4,0.43
Kone,2025Q4,2960.8,269.1,0.52
Kone,2026Q1,2708.3,212.2,0.41
Kone,2026Q2,2937.6,238.0,0.46
Konecranes,2024Q1,913.1,59.3,0.75
Konecranes,2024Q2,1031.5,99.7,1.26
Konecranes,2024Q3,1069.9,101.1,1.27
Konecranes,2024Q4,1212.5,108.3,1.36
Konecranes,2025Q1,983.7,73.5,0.93
Konecranes,2025Q2,1052.4,100.4,0.42
Konecranes,2025Q3,988.7,103.8,1.31
Konecranes,2025Q4,1163.0,122.1,0.513333
Konecranes,2026Q1,907.9,67.2,0.28
Konecranes,2026Q2,1019.5,90.6,0.38
Lumo-Kodit,2024Q1,113.3,31.5,0.13
Lumo-Kodit,2024Q2,112.3,-114.9,-0.47
Lumo-Kodit,2024Q3,113.2,123.8,0.5
Lumo-Kodit,2024Q4,113.6,32.7,0.13
Lumo-Kodit,2025Q1,114.3,-9.0,-0.04
Lumo-Kodit,2025Q2,115.6,-10.4,-0.04
Lumo-Kodit,2025Q3,113.6,26.1,0.11
Lumo-Kodit,2025Q4,111.7,14.0,0.06
Lumo-Kodit,2026Q1,110.8,-16.6,-0.07
Mandatum,2024Q1,0.0,37.7,0.08
Mandatum,2024Q2,0.0,57.9,0.12
Mandatum,2024Q3,0.0,36.5,0.07
Mandatum,2024Q4,0.0,32.9,0.07
Mandatum,2025Q1,0.0,50.4,0.1
Mandatum,2025Q2,0.0,28.4,0.056495
Mandatum,2025Q3,0.0,46.8,0.093098
Mandatum,2025Q4,0.0,30.4,0.06
Mandatum,2026Q1,0.0,-12.4,-0.02
Metso,2024Q1,1217.0,121.0,0.15
Metso,2024Q2,1214.0,128.0,0.16
Metso,2024Q3,1160.0,-78.0,-0.09
Metso,2024Q4,1272.0,158.0,0.19
Metso,2025Q1,1212.0,118.0,0.14
Metso,2025Q2,1257.0,61.0,0.08
Metso,2025Q3,1328.0,138.6,0.17
Metso,2025Q4,1443.0,101.0,0.12
Metso,2026Q1,1252.0,124.0,0.15
Metso,2026Q2,1334.0,128.0,0.15
Neste,2024Q1,5374.0,162.0,0.21
Neste,2024Q2,4642.0,-144.0,-0.19
Neste,2024Q3,4785.0,23.0,0.03
Neste,2024Q4,5568.0,-135.0,-0.18
Neste,2025Q1,5018.0,-40.0,-0.05
Neste,2025Q2,4511.0,-36.0,-0.05
Neste,2025Q3,4469.0,106.0,0.14
Neste,2025Q4,4953.0,114.0,0.15
Neste,2026Q1,5163.0,533.0,0.69
Neste,2026Q2,5986.0,765.0,1.0
Nokia,2024Q1,4667.0,438.0,0.08
Nokia,2024Q2,4466.0,-142.0,-0.03
Nokia,2024Q3,4326.0,175.0,0.03
Nokia,2024Q4,5983.0,813.0,0.15
Nokia,2025Q1,4390.0,-60.0,-0.01
Nokia,2025Q2,4443.0,90.0,0.02
Nokia,2025Q3,4828.0,80.0,0.01
Nokia,2025Q4,6125.0,542.0,0.1
Nokia,2026Q1,4497.0,86.0,0.02
Nokia,2026Q2,4815.0,2.0,0.0
Nokian Renkaat,2024Q1,236.6,-25.5,-0.18
Nokian Renkaat,2024Q2,324.6,0.8,0.01
Nokian Renkaat,2024Q3,313.6,-4.2,-0.03
Nokian Renkaat,2024Q4,415.0,6.0,0.04
Nokian Renkaat,2025Q1,269.5,-37.8,-0.27
Nokian Renkaat,2025Q2,343.7,0.6,0.0
Nokian Renkaat,2025Q3,344.1,5.7,0.04
Nokian Renkaat,2025Q4,416.4,16.4,0.12
Nokian Renkaat,2026Q1,279.6,-22.2,-0.16
Nokian Renkaat,2026Q2,379.9,19.5,0.14
Nordea,2024Q1,3085.0,3831.0,0.38
Nordea,2024Q2,3030.0,3587.0,0.37
Nordea,2024Q3,3014.0,4934.0,0.36
Nordea,2024Q4,2955.0,5059.0,0.32
Nordea,2025Q1,2984.0,1234.0,0.35
Nordea,2025Q2,2915.0,1221.0,0.35
Nordea,2025Q3,2910.0,1228.0,0.36
Nordea,2025Q4,2942.0,1157.0,0.34
Nordea,2026Q1,2922.0,1100.0,0.32
Nordea,2026Q2,3028.0,1232.0,0.36
Orion B,2024Q1,308.5,43.8,0.31
Orion B,2024Q2,328.2,52.0,0.37
Orion B,2024Q3,471.3,160.8,1.13
Orion B,2024Q4,434.4,73.4,0.52
Orion B,2025Q1,354.6,61.3,0.44
Orion B,2025Q2,416.5,82.5,0.59
Orion B,2025Q3,423.2,96.0,0.68
Orion B,2025Q4,695.3,260.5,1.85
Orion B,2026Q1,417.7,90.4,0.64
Orion B,2026Q2,521.6,140.2,1.0
Outokumpu,2024Q1,1479.0,-23.0,-0.05
Outokumpu,2024Q2,1540.0,-5.0,-0.01
Outokumpu,2024Q3,1518.0,20.0,0.05
Outokumpu,2024Q4,1405.0,-32.0,-0.07
Outokumpu,2025Q1,1524.0,-18.0,-0.04
Outokumpu,2025Q2,1486.0,-19.0,-0.04
Outokumpu,2025Q3,1298.0,-35.0,-0.07
Outokumpu,2025Q4,1160.0,-65.0,-0.14
Outokumpu,2026Q1,1451.0,-6.0,-0.01
Outokumpu,2026Q2,1582.0,25.0,0.05
QT Group,2024Q1,45.078,7.6,0.3
QT Group,2024Q2,53.329,13.4,0.53
QT Group,2024Q3,42.176,7.7,0.3
QT Group,2024Q4,68.48,28.636,1.13
QT Group,2025Q1,47.236,4.966,0.2
QT Group,2025Q2,51.224,6.74,0.27
QT Group,2025Q3,40.7,1.4,0.06
QT Group,2025Q4,77.099,18.654,0.73
QT Group,2026Q1,52.727,0.356,0.01
QT Group,2026Q2,61.261,2.396,0.09
SSAB B,2024Q1,27148.0,2562.9,2.57
SSAB B,2024Q2,28282.0,2423.3,2.43
SSAB B,2024Q3,24373.0,1047.1,1.05
SSAB B,2024Q4,23615.0,488.7,0.48
SSAB B,2025Q1,25523.0,1125.0,1.13
SSAB B,2025Q2,25631.0,1854.0,1.86
SSAB B,2025Q3,22960.0,1488.8,1.49
SSAB B,2025Q4,22106.0,434.0,0.44
SSAB B,2026Q1,25336.0,1601.0,1.61
SSAB B,2026Q2,27489.0,2081.0,2.09
Sampo,2024Q1,2020.0,343.0,0.68
Sampo,2024Q2,2057.0,310.0,0.62
Sampo,2024Q3,2137.0,320.0,0.64
Sampo,2024Q4,2308.0,180.0,0.06
Sampo,2025Q1,3346.0,285.0,0.11
Sampo,2025Q2,2782.0,417.0,0.16
Sampo,2025Q3,2303.0,757.0,0.28
Sampo,2025Q4,2903.0,538.0,0.2
Sampo,2026Q1,3152.0,-46.0,-0.02
Stora Enso R,2024Q1,2164.0,148.0,0.11
Stora Enso R,2024Q2,2301.0,99.0,0.06
Stora Enso R,2024Q3,2261.0,139.0,0.11
Stora Enso R,2024Q4,2322.0,-279.0,-0.43
Stora Enso R,2025Q1,2362.0,113.0,0.14
Stora Enso R,2025Q2,2426.0,24.0,0.03
Stora Enso R,2025Q3,2283.0,201.0,0.25
Stora Enso R,2025Q4,2254.0,361.0,0.46
Stora Enso R,2026Q1,2358.0,32.0,0.04
Stora Enso R,2026Q2,2423.0,-13.0,-0.03
TietoEVRY,2024Q1,733.9,38.3,0.32
TietoEVRY,2024Q2,715.0,28.3,0.24
TietoEVRY,2024Q3,655.0,38.3,0.32
TietoEVRY,2024Q4,698.7,-167.8,-1.42
TietoEVRY,2025Q1,470.8,-80.5,-0.68
TietoEVRY,2025Q2,463.1,-34.3,-0.29
TietoEVRY,2025Q3,454.2,34.9,0.29
TietoEVRY,2025Q4,464.2,43.6,0.37
TietoEVRY,2026Q1,448.3,60.0,0.51
TietoEVRY,2026Q2,426.6,85.1,0.74
UPM-Kymmene,2024Q1,2640.0,279.0,0.51
UPM-Kymmene,2024Q2,2546.0,33.0,0.05
UPM-Kymmene,2024Q3,2521.0,246.0,0.44
UPM-Kymmene,2024Q4,2632.0,-95.0,-0.19
UPM-Kymmene,2025Q1,2646.0,137.0,0.26
UPM-Kymmene,2025Q2,2341.0,70.0,0.13
UPM-Kymmene,2025Q3,2298.0,18.0,0.03
UPM-Kymmene,2025Q4,2312.0,256.0,0.49
UPM-Kymmene,2026Q1,2505.0,195.0,0.37
UPM-Kymmene,2026Q2,2355.0,158.0,0.3
Valmet,2024Q1,1212.0,55.0,0.3
Valmet,2024Q2,1324.0,58.0,0.31
Valmet,2024Q3,1295.0,68.0,0.37
Valmet,2024Q4,1347.0,98.0,0.53
Valmet,2025Q1,1184.0,61.0,0.33
Valmet,2025Q2,1241.0,28.0,0.15
Valmet,2025Q3,1295.0,86.0,0.46
Valmet,2025Q4,1477.0,105.0,0.57
Valmet,2026Q1,1244.0,34.0,0.19
Valmet,2026Q2,1315.0,75.0,0.4
Wärtsilä,2024Q1,1321.0,85.0,0.14
Wärtsilä,2024Q2,1556.0,116.0,0.2
Wärtsilä,2024Q3,1718.0,143.0,0.24
Wärtsilä,2024Q4,1854.0,160.0,0.27
Wärtsilä,2025Q1,1560.0,122.0,0.21
Wärtsilä,2025Q2,1594.0,136.0,0.23
Wärtsilä,2025Q3,1632.0,182.0,0.31
Wärtsilä,2025Q4,2002.0,186.0,0.32
Wärtsilä,2026Q1,1556.0,146.0,0.25
Wärtsilä,2026Q2,1559.0,146.0,0.25
